1,blefeaver0@naver.com,wC9&I*p@PD,dscohier0
2,cethersey1@amazonaws.com,cE5=|lb`F,kkehir1
3,cmasterson2@about.com,tG1<5DC*uM0B3},rospellissey2
4,fstentiford3@zimbio.com,lL8!bmwg'~qJ,sashborne3
5,afarnill4@nps.gov,zA2`'ljlrpH&,hholsey4
6,bwestrip5@vistaprint.com,zO4{>tr),jredmain5
7,pdone6@ustream.tv,"uA1$"".IVL<>RyKH",oyeardley6
8,cnursey7@ox.ac.uk,yQ2*iMq'U1`Q,rworgen7
9,dobispo8@wisc.edu,"jN2&l,wJA)1",falmon8
10,hdyka9@flickr.com,qI6@@5wN>REj,jhylton9
11,cfazackerleya@surveymonkey.com,yD0<e&B%MyL/4,bbircha
12,skilvingtonb@harvard.edu,rE4(@cvs,cvigneb
13,asiddensc@cnbc.com,cZ4/~>2BCfTG,cwindersc
14,jfarnishd@gnu.org,"lW2{Sa20Lq{\Ub,p",wbordoned
15,beavese@issuu.com,oO8!$%@SEKm)|,pbeckinghame
16,coscannillf@yahoo.com,iV1=m6~u9jE*O$w,sconeybeerf
17,cbetjemang@purevolume.com,"rZ5'/9$""EH",kknappettg
18,eliklyh@unblog.fr,uU3@lE#c.6,bsherynh
19,swindlessi@usa.gov,oI7~WW*T$'rG,emerrikini
20,mhildrewj@yahoo.co.jp,aY3!@C6@@IbRl9Hd,fcuerdalej
21,edominicok@altervista.org,fM5(m#=p',kbremleyk
22,echapelhowl@devhub.com,jH6={kq&3pT`v(,tdabernottl
23,csenyardm@photobucket.com,uY4_irJ%NH,gdefreynem
24,jamesn@pen.io,"dI3)DB4+cP)t*Un""",nwyllisn
25,rturfordo@skype.com,hG5>{H!d.w,wmacgauhyo
26,jsantusp@comcast.net,nZ6+VF&0}e&W_,sblankingp
27,gbathoeq@blog.com,eC4+>j7l|8U6~Z,fcradickq
28,amacilhaggar@buzzfeed.com,vL5!gOtDln}p,rmatthewsr
29,mhamletts@ehow.com,sF1=fT/o4l,mchilverss
30,lkentont@eepurl.com,nG8&*r%$2y6,adenert
31,ctisoru@mit.edu,"uU6""s`!wGp@T{aP",aoreheadu
32,msollarsv@mac.com,zD4=/NIg5+f@$<#,dloosv
33,aellw@printfriendly.com,jH5>}!{`@)tG/GZ,bpayew
34,sseverwrightx@reddit.com,qJ6=bBt.E+o<lH,mbendlex
35,mmoray@newyorker.com,cO3=S<0%,mfranzettiy
36,pkienlz@stumbleupon.com,wG4{VI@1ur,gpuigz
37,ifoxcroft10@wp.com,nE7|>Uij+,cmousdall10
38,mredler11@e-recht24.de,vD8<lA)Gpi_=MXCv,awoolhouse11
39,amanlow12@rambler.ru,eX6&%z5|WYmMixy,ecarbonell12
40,mrawcliffe13@paginegialle.it,pT8*Ku6.,svaudre13
41,lneath14@purevolume.com,xU4(W>'BVM8I+A0,clesly14
42,gspiaggia15@chicagotribune.com,nR6|4SVZQ6I@b,ketty15
43,vhearty16@yolasite.com,uA2>QWiFnDV,tjovanovic16
44,jdematteis17@nih.gov,"zN2?#PY|,Y",cwarre17
45,ekidds18@sfgate.com,pT9@%Z8!,smacqueen18
46,eprise19@house.gov,"mC3#R6e5,8@,yJk",trains19
47,nmuir1a@domainmarket.com,dB4'Sj5!L@},hmatts1a
48,ggauntlett1b@gravatar.com,bT1*q!fR,fribchester1b
49,awreakes1c@newyorker.com,"nH4@~7YA/s0AK,B~",ucasburn1c
50,csanderson1d@cnet.com,qQ9'7T>0UXG=l,blesley1d
51,sminnis1e@yelp.com,jG9?Z#r\BZ&e?fHA,driddock1e
52,cellyatt1f@canalblog.com,uW9?xP?8Q$$8G%/X,ewittering1f
53,rmongin1g@harvard.edu,hC6>qCA4,socrigane1g
54,jcorkill1h@timesonline.co.uk,"wY6!qv,LKkEH.M'",mtue1h
55,ctittershill1i@umich.edu,"kY3""=X\%{TZ",cretter1i
56,wmulrooney1j@samsung.com,mU1$G?2f+oKos,bforsaith1j
57,chardypiggin1k@t-online.de,"vZ9&=,Q9R={",arenowden1k
58,amattiacci1l@netscape.com,mS8.\%v.2b!jJtW,jhaugeh1l
59,glodevick1m@t-online.de,rR6#w}_g,tjepperson1m
60,sziemke1n@geocities.com,tV9{qy\a'/$k{,rboardman1n
61,ljeannin1o@behance.net,uA9$WK7Dlhz,carrighi1o
62,fhammel1p@google.pl,uW6!!NMJqD/gnXF,blashford1p
63,failmer1q@devhub.com,bX9(v(t+Q(e?/@*z,yherculson1q
64,rsumbler1r@people.com.cn,rA2}4J(DC,lleedal1r
65,svickars1s@smh.com.au,lR9'Yb>f`a&a,ttankus1s
66,rbrigdale1t@stumbleupon.com,cN9{r)msD*S,aeldered1t
67,ocharlwood1u@hatena.ne.jp,sB9@6aZ`,vhearse1u
68,celphinston1v@usa.gov,iU8{}fdr&|u>,mkrysztofiak1v
69,nbeilby1w@woothemes.com,kP6|m%\5xBf<W88,crimes1w
70,ldrowsfield1x@4shared.com,qI1)LW*`,sjillions1x
71,aduffet1y@who.int,dD3!w}~B!|bQ!ky,gspon1y
72,lhavard1z@sakura.ne.jp,uB0&lc~bdY7Z<BT,gotowey1z
73,eballin20@dion.ne.jp,"yS3{_S=vxk""r>",egiamitti20
74,kbench21@trellian.com,mW6&H8a+w,gloughrey21
75,phambrook22@japanpost.jp,jE6`/u|t,agopsell22
76,eglynn23@goo.ne.jp,oS0*z9GL_&q)h=,sgauntley23
77,lgedney24@dell.com,nV8'{w<e'K|,jvigneron24
78,amaplesden25@sciencedaily.com,lU9}&FCn}I}xDG09,mbergin25
79,mgeldart26@myspace.com,cV9<FE6Yg1S<,nheintsch26
80,khariot27@patch.com,gQ2<(ou+.L)$L<>j,sgoublier27
81,lgladebeck28@sbwire.com,mP6|wN6\42m@~h,jworrell28
82,bwackley29@moonfruit.com,lG2/x/?Vod!g,vyare29
83,wleneve2a@wordpress.com,"nI3%xG~la|""!Zb",cnellen2a
84,tgottelier2b@umich.edu,kZ9`&+j<QJ05,ngarvagh2b
85,bdimanche2c@google.nl,jZ7&T9NVkc1#,dhulatt2c
86,gyitzhok2d@stumbleupon.com,mC9}GeUk6xB,gnuschke2d
87,epien2e@mediafire.com,rB2.*6*LUSUkq\kJ,tmcquin2e
88,rmendel2f@samsung.com,"wY7@I5,0ZHoF77{j",slonding2f
89,rcordell2g@woothemes.com,oW9|#Fr0,jsutherby2g
90,bpendrey2h@imdb.com,cN9+`Gp},cretter2h
91,lethersey2i@yellowbook.com,"tT5~Et_VU<aP,i",llemaitre2i
92,dlaville2j@trellian.com,rX5?u79JX,dstonary2j
93,krankin2k@wisc.edu,kP4+=01TN&/8,ghubber2k
94,twindrass2l@huffingtonpost.com,gJ8}p!ETD,mkleuer2l
95,bfeldharker2m@yahoo.co.jp,lN3$xR%Ezh15j,nsimonini2m
96,cmandrake2n@vkontakte.ru,dQ0`6%tk,dstoffels2n
97,mdaysh2o@mayoclinic.com,zU8\`OkSYOt}Dw,abaudinet2o
98,lgibbard2p@fotki.com,bQ7$Q@WZ,mrable2p
99,agytesham2q@acquirethisname.com,lV5)P|JPtYRTfv,mfernehough2q
100,ikerswill2r@ehow.com,"mT3,M`7LdJs,y1",enerne2r
101,dpohl2s@huffingtonpost.com,kH2?rQ`j,dfender2s
102,cshawyers2t@statcounter.com,gB2*K$$E,abaldacchi2t
103,dolding2u@newyorker.com,lE7{I6JGX}RQ=Vu,kteers2u
104,mvenneur2v@netscape.com,eH5<wP`tI,ghuntress2v
105,cduiged2w@quantcast.com,oQ9*ArV'6i<cV#/m,phusk2w
106,mtripett2x@google.nl,"nM8}pC"",02X",vfairlie2x
107,mhambelton2y@usnews.com,bN2|)5RECzU,cruslin2y
108,slisimore2z@cloudflare.com,xG0*&/dJN,mspears2z
109,npurtell30@live.com,eN2#v>UY%d=a*V,fsimko30
110,hcrush31@army.mil,jO0+zusY,bchristauffour31
111,dsuarez32@uol.com.br,sO1>H<>Dg,ctebbutt32
112,grennox33@pinterest.com,"bU5(l(9%m@%b,+f",guzielli33
113,wpiggen34@wisc.edu,"mI7""r&&~",sraggatt34
114,mscrase35@ox.ac.uk,"fG9""KA@t<",amelarkey35
115,cthurner36@virginia.edu,aQ1(RgcGvAt?q&D|,mbunn36
116,tglasbey37@netscape.com,pD4&+>AoTbo,tskaifedingerthorpe37
117,ghalt38@naver.com,bJ5$P9(Ywisa,tcatcherside38
118,awilding39@wikia.com,"bY0|1""3`v",cheymann39
119,oplowright3a@nhs.uk,"jC4}!,)q@+KT5",djenkins3a
120,cspellworth3b@marketwatch.com,yG0\j$*U`5}69,ddelos3b
121,chawkes3c@dot.gov,"gL4},y',_L@.n'g",dgratrix3c
122,ecollidge3d@walmart.com,kL1%Ij0\\LUf0p+5,vrushmer3d
123,tsnalom3e@biglobe.ne.jp,aE8)}Pcn(W{%,cfernie3e
124,bdjordjevic3f@a8.net,bX6<t*vD6V6LXC,tclayworth3f
125,fmaddigan3g@google.com.au,vR8@d\jI,apillman3g
126,kgrunwall3h@dailymotion.com,bS0%<?#wxubt,cnoads3h
127,afyers3i@ebay.com,uU1(W*!kG{Q,cimpy3i
128,ttalman3j@gov.uk,qM2/eQT#J,tlineker3j
129,blikely3k@etsy.com,lR7()%q}suLJ7,ecawkwell3k
130,bslesser3l@yahoo.co.jp,"dP8""=0e#2Ljo|#Hl",klafee3l
131,crealff3m@cdc.gov,mF3$)i>5#qA,bbruty3m
132,smarkl3n@ucsd.edu,kG0*}b|\,kpestricke3n
133,mshurrocks3o@twitter.com,"jA1#n_NKv,rp",mderkes3o
134,jmadigan3p@typepad.com,uS1.3g<`q,jcremen3p
135,rperulli3q@nsw.gov.au,aS7%=1i|i!jzRkh,gconibear3q
136,bbes3r@github.io,wY7>Qo7S,gsexten3r
137,fpirie3s@utexas.edu,yK6~8F58vK,fheinemann3s
138,canscott3t@google.com,iK9(vQL4nCNO,dvillage3t
139,hellingsworth3u@eepurl.com,yA9\.Z#F,fneubigging3u
140,dtant3v@reddit.com,"aD8(zD,L@",hpavlovsky3v
141,lholbury3w@wisc.edu,"fA9?pG>g""E",tdurrett3w
142,ksousa3x@webs.com,sW2.2XxCsFF2+n,cwhittam3x
143,scoverdale3y@seattletimes.com,qE1{)Da>kT,hsnelle3y
144,gthowless3z@bbc.co.uk,cV4%~&zD,bdulany3z
145,kpowton40@slashdot.org,"hW5))fV4,RqcsF<",isundin40
146,spinnell41@dedecms.com,mU2%Gu'/g#STL)Y&,eglasper41
147,oolahy42@chron.com,eG2@=|hGV'PxweS,rmckevany42
148,jbewley43@yellowpages.com,nV4)S&yq<n,asussex43
149,ctoolin44@csmonitor.com,jR9>zDo},ahoyles44
150,fprestwich45@simplemachines.org,cX8+`X{+i#&C,jpapen45
151,jcorrea46@google.nl,pY6=ZH9ojx!,rfautley46
152,toldknow47@sbwire.com,zM7(lekWdJ60,acribbott47
153,gearsman48@is.gd,lC9}LN?~M\hs%m,filson48
154,cfassan49@skype.com,"nI4!)~pWYg<,'",aunstead49
155,mduferie4a@dailymotion.com,fA5(?#9rtls,cmeanwell4a
156,goakland4b@hostgator.com,"dQ8{mE#zP,wg_j4A",rrudeforth4b
157,vgrunbaum4c@prlog.org,fE1+=41Ny'lkSQ,hhavik4c
158,cchavrin4d@g.co,eX1<*n>8\62ipO0,fredan4d
159,bextance4e@cdbaby.com,"dI1+c=Kr,Mra'~",mchriston4e
160,gpawlyn4f@buzzfeed.com,dW0_6PUiQe4%=,nsturges4f
161,mmeffen4g@craigslist.org,fK9(u+KjgYJWo6,lbirtwhistle4g
162,agioan4h@wsj.com,"lL7`BP*c""N3@",hhendonson4h
163,bsrawley4i@weather.com,rD7_7%9Vt,aparslow4i
164,bstrang4j@e-recht24.de,"xP8+{m!aO,_{)s)",gbaumford4j
165,cmapam4k@squarespace.com,qQ5+~i|npjJO#,vpenna4k
166,twhifen4l@oaic.gov.au,"lG0<""=~xf+""Smjt",balgeo4l
167,aroches4m@statcounter.com,yO4+E6yFGnybZ(%(,dconsidine4m
168,callsepp4n@posterous.com,"jW3}C&t@o""N/oS9Y",kchesworth4n
169,lberre4o@guardian.co.uk,"oW7""=K&""d'1\gS",rcasley4o
170,ehouldey4p@noaa.gov,tK0.Qb6cA<cz,bstory4p
171,btreuge4q@cnet.com,"nD3|XP.""&dG",uconigsby4q
172,jproven4r@blinklist.com,kX0%W>5P@}DN,adartan4r
173,slewnden4s@godaddy.com,wQ7*8v@1a~'B0uf,bturban4s
174,bbuff4t@spotify.com,cI1.*nzW2<GL\,mrow4t
175,genright4u@sakura.ne.jp,uQ1!Qn6Um|KI0pzd,fpembry4u
176,nfloch4v@ameblo.jp,kZ7)kn2h5P_\S<=,pklousner4v
177,cteck4w@examiner.com,rQ3_<X%I4CV%{,crogger4w
178,ahernik4x@mapy.cz,bI9=N_?~kVZ5,memblin4x
179,ckennard4y@accuweather.com,pV9&<6S5c,vruane4y
180,nmilsom4z@dailymotion.com,tZ4&cjmAmvm9J=7,omainwaring4z
181,srosenhaus50@purevolume.com,pG5?C16~W~O2Lq1,fpigne50
182,gcourcey51@google.com,mI3\adSnLF,ssonghurst51
183,mbushen52@digg.com,zK9@z!\&GjyJ}H,moffin52
184,mells53@51.la,dH0{cW)i+6<PaM,mtukesby53
185,abody54@liveinternet.ru,kD2*._ir8~5w,mtomkowicz54
186,hkleinschmidt55@cmu.edu,sJ7'/C#{wTxq*s{,cpocknell55
187,bbundey56@goo.gl,jZ0#@1yBLx=h~,mnisco56
188,gheine57@ucla.edu,dC0&Z@KKK,mleeke57
189,bticehurst58@vistaprint.com,iG8!tX~4fnwtV\,kkretschmer58
190,aszymaniak59@pbs.org,jH0/sPDG?,fdulanty59
191,pyaxley5a@baidu.com,"nU1!,,f&",tallett5a
192,cgrooby5b@amazon.co.uk,hP9|`4Asr$,kscurr5b
193,ewyndham5c@mysql.com,jJ9}#I=L,rocarroll5c
194,hcharte5d@phpbb.com,sM8+Z1wd@tg)s8,jagronski5d
195,jsomerton5e@free.fr,yZ6=5tzs},dshotboulte5e
196,bosullivan5f@t.co,hP0}NW8!n_`(<,gmcdonell5f
197,ggatchell5g@cargocollective.com,mO9&kJA8t?C7,sduplan5g
198,ncowdray5h@mapquest.com,bY1!ysNT6$wa,dtreanor5h
199,cmelluish5i@yahoo.co.jp,jY7*&wq9+8xEA%Oo,mabry5i
200,tgregoretti5j@technorati.com,oG9)YG{!?H0D,nkobisch5j
201,dcheeld5k@t-online.de,jQ7<V.3gH|$,dwarden5k
202,hmaker5l@ucoz.com,uM6.)QrSvh&,pnobriga5l
203,btrude5m@goo.ne.jp,jE2|9a1g<8,sthreadgould5m
204,abeare5n@alibaba.com,pE7'C#LQQQ,tmcgrath5n
205,dberick5o@un.org,iZ9}9X}lJ_A5,jbarnaby5o
206,ijovey5p@netvibes.com,cG0@hZaTOy_e,ltour5p
207,blarkkem5q@exblog.jp,pO7=jv9vHA\vGP%u,pcrick5q
208,cspeaks5r@go.com,hW8~OR|<(,pzuanazzi5r
209,bfrantsev5s@youtu.be,nQ2~$S2R{,hmcturk5s
210,dbutler5t@irs.gov,bN5$j</_f9v/Xt@,mbeachem5t
211,ugarnsworthy5u@php.net,hM7+G~2IfCsL%ve,chansman5u
212,oeburah5v@ehow.com,xA3#bf`dv,ujesson5v
213,ebracci5w@deliciousdays.com,wM2$7q}wuv,omenaul5w
214,gdines5x@adobe.com,dO9?K+$q.Z,esimchenko5x
215,cbrislan5y@phpbb.com,tS8+I_US=(0J(,llocal5y
216,dandrzejewski5z@comsenz.com,"vZ3,\W`nphC/",amerchant5z
217,wfonquernie60@fda.gov,pW1!V3)j,ybygate60
218,mbowbrick61@npr.org,qM2`yYD0KHb,dclampin61
219,cjardine62@sogou.com,aH3|Yz?ug2*q`E9,ctonn62
220,bbielfelt63@canalblog.com,pR8=x/MC5d,kbromage63
221,mattrill64@list-manage.com,"jS3.""U3)D@7K7,",gtodd64
222,lbartens65@timesonline.co.uk,xM5>S%C7,bmacafee65
223,jsimounet66@sphinn.com,iZ4'bOz\!*zi,vgierck66
224,aeilhart67@usda.gov,hT2`Ql~B8IuX,rconstantinou67
225,corgan68@typepad.com,sC0.jd8{,rvooght68
226,mtresise69@yelp.com,qG2+mC@9.7}wL\,ebass69
227,wjodrelle6a@macromedia.com,xO1)n{WL,dfewlass6a
228,obarenski6b@parallels.com,lU2!ya#%Ad}ee,acleugh6b
229,dmccullogh6c@istockphoto.com,pL4%XLj}3\$t/X3,bfarriar6c
230,bdemageard6d@europa.eu,hZ0@_$eSfcT,larmal6d
231,rtofanelli6e@cdbaby.com,pW3<JP'<,bmcilmurray6e
232,adyzart6f@wordpress.com,sN4(#kutV,ddobbyn6f
233,lwrinch6g@wordpress.com,nT6_NR9q,tboshier6g
234,kgravenell6h@hexun.com,dZ2`xpIn|H,gpringuer6h
235,blossman6i@eepurl.com,mG8_hYEY#C.},eroddan6i
236,ramis6j@dailymotion.com,"mV8&,$g}y",bhanmore6j
237,fbeverage6k@tinyurl.com,jQ6\&?U{u|w7y,bdooler6k
238,sgyurko6l@ibm.com,cB9_jHw8$gdw,mnelmes6l
239,nbriant6m@seattletimes.com,hU7}pRe#'u,bdullingham6m
240,cgrishelyov6n@mlb.com,hU6|%=drMEHAIb,mfuster6n
241,dfrudd6o@theatlantic.com,hH4!~#9pf,dkimmons6o
242,fdeignan6p@domainmarket.com,cF3)ZP#u{,cbraemer6p
243,adungee6q@google.com.br,cD1%x5vK,sgaskal6q
244,ljewis6r@ucoz.com,xR5.C_VcqH=qpdX,ldenver6r
245,sdorgan6s@washington.edu,"eP7},\~Yl0j!lj@",gissit6s
246,rwesker6t@1688.com,bY9}HC$M!q,kgilardi6t
247,dambresin6u@guardian.co.uk,oV8?'9/qs~e+*v>K,sdinsale6u
248,esanderson6v@addthis.com,yH1&dFb=,cucchino6v
249,vlettley6w@theatlantic.com,eU2%aG`2Y*3,rkeuneke6w
250,sburgh6x@geocities.com,wL2+DRTw*ybpXA,oraycroft6x
251,nnardi6y@patch.com,"hW5)e`fQ""js",gwrintmore6y
252,hpawlaczyk6z@auda.org.au,iK5_4x8'RPsUO,ebirnie6z
253,bbransby70@blog.com,cB9}1=&tqy!{GL,acadigan70
254,alackinton71@google.it,xY1+O3!gnTff8,mramet71
255,bbeevens72@furl.net,xJ5`u1Gt\i@kY,cchamberlayne72
256,mmapother73@wisc.edu,uW6}nsEdV,amiddle73
257,wmingardi74@webs.com,lW3}8RhuM,aazam74
258,fvoules75@google.co.uk,bF6/pfl_j)4@,tdionsetto75
259,sholme76@cbslocal.com,iE1%Z*q\~_SCIH,soager76
260,cmouser77@state.tx.us,bQ8_kT($)nRy,bodreain77
261,pshucksmith78@mediafire.com,iV1_#4DmO8fhTr,adusting78
262,apringley79@seesaa.net,sC5*|I1nln{X$,ularkby79
263,ggreatrakes7a@house.gov,uB4@ok3{E,kattenbarrow7a
264,vvitler7b@reuters.com,eL9*/MEb/!,ksaurat7b
265,blilloe7c@domainmarket.com,"iS2@+',(_4SjbB",ocranny7c
266,fclemendet7d@sbwire.com,uU3/X<ay,tterbrug7d
267,miianon7e@npr.org,"mD6<Y_LP`)0K,",mcamellini7e
268,blabbett7f@godaddy.com,iL3{vs|jJOMO9%,apetrasch7f
269,slandy7g@ifeng.com,wR8<ale$fn8,abardill7g
270,cpaffot7h@squidoo.com,iE1%SU%'q'k,ebrandt7h
271,cgallegos7i@shutterfly.com,wQ1(*WmL,ldeveraux7i
272,gbockmaster7j@epa.gov,"oT2*gwg`""B",bclew7j
273,gextall7k@tinyurl.com,dS5>V(@S2WK,gtredwell7k
274,ptillerton7l@ft.com,yO9!eJ~z|,kwinckle7l
275,ccleverly7m@google.pl,tQ5.9QhO%J6|A,itweedell7m
276,gdelion7n@unc.edu,pE8&w%S_WZL,emenure7n
277,lprint7o@wikimedia.org,jU7%mwV2U$&l,lgavahan7o
278,gsleight7p@sfgate.com,oE8|TQh=_Ao7,ssign7p
279,dahlin7q@trellian.com,uA9!T@93<'#0@Dp,mccomini7q
280,ecarayol7r@mlb.com,xW0%\o99Q7s,wselway7r
281,acopley7s@facebook.com,bO4)S.OEWUliy~,pfairlaw7s
282,sgravener7t@over-blog.com,vR3\\goPw1C'K,gkingett7t
283,bbeardow7u@fastcompany.com,yR7\)SDP,cagirre7u
284,ggreeves7v@desdev.cn,fP7/B1m>,ghannaby7v
285,rsatterlee7w@cbslocal.com,"fU1""#<QAJ",aorable7w
286,klimpertz7x@devhub.com,eV9*7`lq,stofanelli7x
287,ljervoise7y@github.com,jA1'7`LA17,llongforth7y
288,cstollsteimer7z@mlb.com,uB7=ku||`$XW&kE,cdelepine7z
289,jcaris80@flickr.com,hF6/fAYkR,prodda80
290,gmorrel81@liveinternet.ru,"cM3'Um~B""",jgavini81
291,amaleham82@nyu.edu,iD5&Z&#Dq#Y,gemanuelov82
292,akment83@360.cn,lJ3#%>Hvzw8Jf,gferriman83
293,cgiacubo84@google.it,pC4~1bFq(~A,mguice84
294,gtynemouth85@histats.com,"hZ1+XC,FcQ9'h_$",gfilasov85
295,pmineghelli86@about.com,eG9'IsO6/v{M,jcruikshank86
296,cgronaller87@indiegogo.com,wM0?'sYfwz|T'),mmessitt87
297,kgodon88@icq.com,wA8+w>o>*Cm`Ot,dberget88
298,mstringman89@home.pl,fV9>VQn5AR6,bscholz89
299,clammert8a@plala.or.jp,"bF7.HGPd`5""7",mandryunin8a
300,pbenzie8b@harvard.edu,zW7<y?jT!fyK\/dh,hlefeaver8b
301,jfawdery8c@cnbc.com,vL4>|doYQ,jfardell8c
302,dfritchley8d@usgs.gov,dX4@*C{ST&',krowledge8d
303,ldoerren8e@bing.com,"tU6&EE7EdT,Y\{8",swhitley8e
304,souldcott8f@youtu.be,"yK4,X~S0n9`0f8ax",ktoby8f
305,wdollard8g@mit.edu,iI2}!Wk2KKzHV,fspikeings8g
306,dgredden8h@mac.com,kH5>!8r?,sriddiford8h
307,cjedrzejczak8i@simplemachines.org,"cD8,Q($wdW1$vFC{",wpitcher8i
308,smacenelly8j@edublogs.org,zV9\cL@'|,bbockler8j
309,apeever8k@deviantart.com,"wD8"".SI.4b#Jnr",gridger8k
310,jfernez8l@ow.ly,uQ5`(v#5uA,ppanks8l
311,catyea8m@umich.edu,gH7#mD9um,gtessyman8m
312,nsultan8n@zdnet.com,uG2=5T(~{w3kK2Mk,kwhimper8n
313,mbliben8o@netlog.com,wN7%rVPWk}%#wi,landrzejak8o
314,mburgoyne8p@discovery.com,kU3#!d'!foDQ,aruddock8p
315,arowett8q@adobe.com,"nH4""Dz/0Qp*uUg)",srubinovici8q
316,bballingal8r@fc2.com,"bF8,*m?(!*&+4J",fquiddihy8r
317,rnunesnabarro8s@dyndns.org,vK7+L`1(\fomF,mthurnham8s
318,mpelfer8t@addtoany.com,jL9)&%7n,rdiviny8t
319,rcroxford8u@wp.com,"yN3}K1peUnF""|",rgarrod8u
320,rmcmechan8v@cocolog-nifty.com,"aB1_l<E*D+L}4""g",nbalsdon8v
321,bcosh8w@foxnews.com,yE7@A(IUDH{~EK,amorman8w
322,kaxleby8x@wordpress.org,gE4%&!qk7Xav!,dbuney8x
323,bheimann8y@edublogs.org,gR7=bm<89Wt,dthurlby8y
324,kandover8z@discovery.com,fD4{yn8$$vEe.B!},hbeeswing8z
325,nsommerville90@flavors.me,oO6!.I~AYD,ccartmel90
326,kkilloran91@vinaora.com,pS1}N|oL,gmeaddowcroft91
327,rpechard92@canalblog.com,gE7/%qx1$`,efarren92
328,odofty93@163.com,"uZ7=..,'+",lhingeley93
329,ebowdery94@washingtonpost.com,sF9({yaS,rsheavills94
330,blunnon95@edublogs.org,oU8&'0N_o1~%R,jweond95
331,ksimeons96@aboutads.info,"aG6&Q,Lr>",eyandle96
332,ahacket97@linkedin.com,cJ5}m09y32c|,sbeldam97
333,tgarnar98@etsy.com,mS4'<8Atrx,edrohun98
334,jstiff99@earthlink.net,"kU7%BrCj""yc",fshacklady99
335,ldemongeot9a@g.co,qK9*qXgTwc~.+G*,mharrema9a
336,kmilier9b@hibu.com,uG0!D2ULlBUr5gP,fbratchell9b
337,meneas9c@smh.com.au,cS3)c0s/!,mrochewell9c
338,fqueen9d@stanford.edu,aX4%y9T4MBzk,hshearston9d
339,jchattey9e@un.org,wL6&9IO#,arodenhurst9e
340,kalbury9f@addtoany.com,bI4&r3_UgJ(QC,nchurly9f
341,haleksankin9g@infoseek.co.jp,cO4!H&~OxB,vsiddens9g
342,lmeadus9h@themeforest.net,xG7$0mIW,mmccloud9h
343,chowsego9i@psu.edu,nM4`Uq.&gsDloJ,mbampford9i
344,hsilley9j@rambler.ru,vL3<cG1YTQu,jmarvin9j
345,astarrs9k@auda.org.au,aY1.1vhTC'Dg},bsanz9k
346,ckonerding9l@ezinearticles.com,"nH7*P!b""T0Ng{",krembrant9l
347,faistrop9m@marriott.com,xO4@|uuq<x,melix9m
348,gcleve9n@networkadvertising.org,bR9&~1(Z2qtM|*,rcovendon9n
349,afitchew9o@ustream.tv,"cT6(39v6M%.Fh,b|",rseak9o
350,abudgett9p@meetup.com,cG2)GefhsKZ,fbryer9p
351,ijacqueme9q@wunderground.com,"iE0/yW'V""(c*6_Q+",djasper9q
352,sreinbech9r@linkedin.com,"iD2%""KEL7",alepope9r
353,jwinship9s@patch.com,jV2{lX'=\W#k`d~?,mfullerton9s
354,lmayhou9t@yahoo.co.jp,"xM1_CQ@*8\""dLP}$",nsleaford9t
355,lmushawe9u@cisco.com,hE9@sC1#wy,jahlin9u
356,bingold9v@wp.com,zV1%|(hj5`_!&X,npeakman9v
357,myeoland9w@macromedia.com,gK0<_`Z.2Y497,bgaither9w
358,gcossins9x@miibeian.gov.cn,nE8`C?'M,tpitcock9x
359,wpeabody9y@globo.com,"eT0!6QCI,Xaq`Cr",astaneland9y
360,rsumpton9z@webs.com,hZ2!C6|e4=,khuntley9z
361,tlabeuila0@netlog.com,"aJ2>i9Kt#z,)",mkuhlea0
362,gpinsenta1@twitter.com,"zO0,D5RhRMGblSV",jextila1
363,cjazea2@newyorker.com,sC2=LCVFn|uY.4,nbravena2
364,nfauninga3@scientificamerican.com,cS0_l5K13xO,rtroakea3
365,mbethunea4@nydailynews.com,hK3#ynwo,astenhousea4
366,fspellicya5@opensource.org,"vW1,gK,7",hdutnalla5
367,cjanzena6@vkontakte.ru,gP2*v>NoQ8y*@,kcamma6
368,kmckenziea7@sciencedirect.com,vM1=&n$'u0<+M|\,jdrovera7
369,lgentzscha8@answers.com,hM8=>'\cJR,ashipleya8
370,bhakonssona9@usnews.com,wA6&ACA5v,talcaldea9
371,csuermeiersaa@sogou.com,zR9~rjm<%agFdb,jskotcheraa
372,rmillsab@hc360.com,qJ3@=zX`*,gsarfatiab
373,rantoniac@earthlink.net,wU7~=<=mB+CSuh=8,melceac
374,mmcquorkellad@google.ca,sG2(W\=BvMV_A)</,mmorterad
375,scromleyae@earthlink.net,vO1=>a4b??SQ&qBA,ilemarchantae
376,rdearnleyaf@upenn.edu,eZ2_wan9lE|Zj#tb,lhastyaf
377,rbunneyag@t-online.de,"sG6""$pYvnNKdV7",ddimberlineag
378,jlytellah@bing.com,oR3%X2Nf/qxx47f,bcollinetteah
379,jmckirtonai@homestead.com,qI5#U0dC#.,jhammentsai
380,sflitcroftaj@tamu.edu,fW5{}C/1x)1aX7p,tkepeaj
381,lspurdonak@sina.com.cn,qA4>(Z<QL=pGvj8t,mperrieak
382,kattwoodal@bravesites.com,bK6(Zt|.H~&',ccarriganal
383,athumnelam@reuters.com,lG9(*V6qnBZjY,rpoleyam
384,vcauldfieldan@businesswire.com,mR1(RiJu~ILRmY,ztolean
385,czarfatiao@miitbeian.gov.cn,cY8?4Z_|cz,dreyeao
386,evernazzaap@va.gov,bO5}4kZ*}P,itrubshaweap
387,rwoodnuttaq@goo.gl,uB4%*D.B!MJ,praulinaq
388,rbissettar@gnu.org,aE2('~ln+R#8,awinchurchar
389,ahoyteas@lycos.com,rD2/BHXj,djershas
390,bewensonat@technorati.com,"xS2""yCs}fPV",rskellonat
391,ibrumptonau@wufoo.com,nE2%u9h#,lspaightau
392,owillanav@dion.ne.jp,lF2|opX#/$7),bcopesav
393,kschankeaw@wikimedia.org,jX3@%m\),gyuryaevaw
394,aalbionax@blogtalkradio.com,"uI7&_E/$""vb,50{n",nculpanax
395,bshepherdsonay@linkedin.com,yH3~\9vMXALq{x@|,calbistonay
396,tkubataz@loc.gov,cO7(7F`}lh,oyorstonaz
397,bjenneb0@senate.gov,"xS1""|gMZEhI\5",mhorbartb0
398,sdunsmoreb1@indiatimes.com,hS2@hD=sY@,bmorrisonb1
399,hisacb2@wiley.com,nI2|b#ub#jc9,miannuzzib2
400,qlebanb3@jugem.jp,sQ3_J/WGL\i(o),amartillb3
401,pgartshoreb4@toplist.cz,bJ0}GfG}kdJo,vkezarb4
402,aellandb5@sitemeter.com,gF8+v0zj!`,khimsworthb5
403,tkisbeyb6@washington.edu,pJ2{3UWWw8_h(J{c,cbarrellb6
404,jhexumb7@ning.com,mD8!<?0)ID2Z,ndranb7
405,kgladdenb8@youtube.com,pC8&Bpt*y~O)53v,npattillob8
406,nbroskeb9@washingtonpost.com,vQ2>A#(NvRUZd),bvamplusb9
407,cpearleba@jimdo.com,xM0<Z7&7tt\t}3,phousleyba
408,btamesbb@istockphoto.com,"fK1*""ARo`j!G",bformanbb
409,jklossmannbc@etsy.com,gJ1>s90Jmj2,sdanilowiczbc
410,kaimerbd@live.com,iR1$`Rlg,cskaidbd
411,jloosleybe@goo.ne.jp,eN4<{Fvh/WtxY|Q,cenzleybe
412,rabramsbf@illinois.edu,gM4'=Ky|O,abracknellbf
413,lbandybg@dyndns.org,"bO4""(~xdGfj>V`(",aterrellbg
414,jkobubh@tamu.edu,wY4?vYU0K,dgannicleffbh
415,mmacconnalbi@mozilla.org,kD2__HxRI.0PsZb,ashercliffbi
416,mmaffettibj@engadget.com,"fD1,61g|Z*O",mgorhardtbj
417,khewlingsbk@auda.org.au,lD1@Ayh5aB|tA,escawtonbk
418,jgrosebl@prlog.org,mK8%5(F$AL~Tlo,gmeugensbl
419,aleopoldbm@eventbrite.com,sF8*VY*VkUI|,ddobkinbm
420,eargonttbn@sakura.ne.jp,pM9*tD\g}osln!~K,vcorbynbn
421,gbusenbo@odnoklassniki.ru,iN2=BZ8m@XiON,fclaxtonbo
422,fasplinbp@pinterest.com,aI8)%/WL+*,rmaskelynebp
423,geakebq@biblegateway.com,hV5*Lgsd\&A,dhannibalbq
424,dstedallbr@bing.com,jG1.A'VICZ!=PXp|,mwhitechurchbr
425,strebbettbs@sfgate.com,sM8+zMupo?jQY,iboynebs
426,mscoullarbt@parallels.com,fH4`Ktkd\O5n@,avanhovebt
427,acozzibu@studiopress.com,"xX7,hn|N!{",sbeckittbu
428,mchantbv@dell.com,nV6~Ta7'0l,mjosofovitzbv
429,sbrumhambw@yale.edu,jH6_y8S#+,jpopeleybw
430,obisgrovebx@chicagotribune.com,oE6}L8O5)thS,mmyerscoughbx
431,mwinpennyby@google.it,hM7#&RNJN6N3+XUD,jbroskeby
432,rmcfarlanbz@hibu.com,"vH7""SWd@",jridesdalebz
433,cgribbonc0@eventbrite.com,"kA2,d/?b(M",rjudronc0
434,rwhittyc1@msu.edu,kD7}/!Qc>,edidelloc1
435,pworrallc2@odnoklassniki.ru,eL3}V2+iXF>r9+,pshermorec2
436,adunnec3@dropbox.com,iJ2%SyN',atofaninic3
437,cratec4@eventbrite.com,fN3_UNi/3,ctoomerc4
438,bbalazinc5@berkeley.edu,oW5#.ot'@IHNiGFX,acrandonc5
439,khalyc6@cdbaby.com,cN4+f`5{t\{bu,jcorcoranc6
440,fodeveyc7@state.tx.us,"xI7}H2""j,oM4jO",pmattevic7
441,hlackhamc8@dell.com,lO5\7iZDE,asebrightc8
442,bminchic9@ebay.com,gG0/t{9kju,hsouthanc9
443,dperkisca@amazon.co.jp,zU1%\K&.,clambisca
444,alambardcb@angelfire.com,wH2=S4`zc>f7%/,tdarreecb
445,ctaddcc@w3.org,bQ9$nI('zR,vmulcahycc
446,jbecconsallcd@macromedia.com,hL6/!q7n!E,mkordingcd
447,pcobbce@miibeian.gov.cn,"tN9&UDFl""}rOAFv",fbowringce
448,lverissimocf@google.com,bK5($@s3$0kpzC,jcashellcf
449,fexellcg@intel.com,sC7}%_=0MxL~LaD,eroubertcg
450,bpriestmanch@blinklist.com,"hC6|'*y1,mI",uwaych
451,lhurtadoci@miitbeian.gov.cn,"zG8@W1""F4$a?W""K",cjupeci
452,ldurbancj@ft.com,zJ6(u<C?h,jlawrensoncj
453,mskylettck@blogs.com,"dR0`,{&utD0DAym0",mswindellsck
454,ddelacroixcl@ask.com,uW0!HKC/4Wmn\+,ariceardscl
455,vpeironecm@slate.com,"pZ2,&\\FI/R\s+Uv",bdanburycm
456,twoolencn@eepurl.com,"kP9""JoH}1",dtupiecn
457,spressleeco@ezinearticles.com,"dY0%,+q@$p\Z",mtomensonco
458,vbiertoncp@nps.gov,xQ5@<)i$C}5.?#TV,nhurstcp
459,tmartinettocq@clickbank.net,dB3!e?Si,bellandcq
460,krexcr@bandcamp.com,cW9\92r)iivz}q,zbrigstockcr
461,cwintringhamcs@clickbank.net,zE9{+2)y(Low4,fmallyacs
462,cbonessct@yale.edu,rE9!Y3|k25>b,esentinellact
463,lgartrellcu@discuz.net,rB6{>G{e518H_,wchuggcu
464,bmcgiffincv@businessinsider.com,iY0)+*t}pn3%sW9,sbartolommeocv
465,aivanilovcw@google.com.au,"lG4#O2Xz4""9@sH",ghailwoodcw
466,apaulecx@chron.com,"rP1!26C%c""7Zx",bprivettcx
467,bcreevycy@histats.com,"lU9?)8r""onYJSP",gthowcy
468,gharmsoncz@mozilla.org,"rD0\,Je@ca",kwebencz
469,ccawsd0@cmu.edu,aA5~M+GP`ua'}\,hpybworthd0
470,acraufordd1@dailymotion.com,"wI0)GoRQ5TE~,GO",hpietrzakd1
471,lmelleyd2@theglobeandmail.com,"lA0<EJiXF,",ezorzuttid2
472,pivoshind3@quantcast.com,qQ3+'N_Zg=Bt(g=,dcarbonelld3
473,abaudryd4@bloglovin.com,gW6`9s@hSv~ieCCa,rduced4
474,mspellicyd5@spotify.com,"mR3""'bvlh!nXs",lcullend5
475,ngantleyd6@over-blog.com,"kV1&C#qCR,&~I|$",tsayd6
476,adongalld7@photobucket.com,rS2%loZf=qJZwaW@,kwilkennsond7
477,mabrahimd8@hp.com,fM7&&Lj$a#RObMwq,rbraynd8
478,scrickmoord9@ezinearticles.com,"cD3@\k9i|l2UU""",phuetsond9
479,mfarryanda@ucsd.edu,eL8*p`KFq&\P,rjowittda
480,afawcknerdb@dailymotion.com,bJ0<+Tig@Es.u7{,ellewellyndb
481,tdupreedc@wufoo.com,"gO6%Th+iKSRi,e't",rshulemdc
482,sbrewsedd@people.com.cn,eX3?9lv/9Kn|h,hkynddd
483,tmuirdende@va.gov,"jA2?T0<,<",dhunnisettde
484,lgwynethdf@newyorker.com,"tQ3)Y#@,K>aTC",ihawkesdf
485,ccobellodg@wsj.com,vO5`J+{6,ghuertadg
486,bgyforddh@zdnet.com,kE5.BS8P<Lc25T,lsinnockdh
487,aduhigdi@wordpress.com,cC3|mF~/L,lprottdi
488,ghedindj@barnesandnoble.com,eS0/zg{z@,jissacofdj
489,hgratlanddk@intel.com,eM4\~)G#yvtB_+r,rellesdk
490,rlatusdl@hibu.com,uP5<&W{5_D%V,kquigdl
491,bbarrelldm@usda.gov,kW0!+41B}tG,gbrydondm
492,mwybrewdn@china.com.cn,aU1``XdXj1,gburwindn
493,tscaddondo@phoca.cz,pD7_|t|u>Wn$#,lbaishdo
494,hmcpeakedp@businessweek.com,tW4(+UEPFWk31,tbosherdp
495,schilderhousedq@cornell.edu,zI7.YHo2sim~($H,kborrettdq
496,lalfonsettidr@admin.ch,mE7>FY{g)u`!{c,tloftingdr
497,dhudsonds@hhs.gov,bK8_GVsq%YK|O',croycroftds
498,ctunneydt@miitbeian.gov.cn,"tT6,LxG*QgaH",lmacandreisdt
499,lfarnsworthdu@alexa.com,"aR8&Uvy""m",ypiensdu
500,jfiellerdv@toplist.cz,oK8(ILBN72,asimladv
501,sbussydw@ehow.com,yW8@uZoEPI@,bzoepheldw
502,lbarusdx@sina.com.cn,uK9}Ik5?N~8u,nfrancomdx
503,vsemarkedy@pagesperso-orange.fr,"eQ7?m,q~&FZA,Uw",bclutedy
504,vtulleydz@stanford.edu,"wR3>qtc""l/{j",mstirtledz
505,lmillame0@tripadvisor.com,qP0+~MHN9,lblencowee0
506,gscourgiee1@bizjournals.com,uF5}@<*<6>ddp,dbanishevitze1
507,kolligane2@dion.ne.jp,oW4)W6TW,cspeariette2
508,gkeneline3@i2i.jp,vP6#PS6(,ferlame3
509,cpashbae4@sbwire.com,lF2~7Un?A@?/,smaygere4
510,cmcilorye5@sciencedaily.com,lE6@z!nZk,abeefone5
511,amarfelle6@timesonline.co.uk,zI0)D2mZb,gcarete6
512,lgerritsmae7@paypal.com,tS7\{F1anS,fterzzae7
513,rsturtone8@sun.com,jB5}_U*b4r,dgrasere8
514,kuppette9@exblog.jp,gZ2\E?i.S7,cnoddingse9
515,astrelitzea@pagesperso-orange.fr,bW9}@5b+,gcoselyea
516,fscogginseb@arstechnica.com,xZ4!W7jIL6.2E(,mhurringeb
517,vbardec@surveymonkey.com,aC7=Xcw&qaYIX|J,crutledgeec
518,gcumminsed@tuttocitta.it,qE5&c=fLrA5E3!G,jliddoned
519,aleadee@gravatar.com,lX3&#QFk6r|Q5vR,hpoateee
520,praymontef@sciencedirect.com,yD4/@o+4`Ry71@4o,lbuxtonef
521,wadaminieg@theguardian.com,wT5}eq5w5S,rsheffieldeg
522,zgowdyeh@shareasale.com,"gY7{|f?V""mk=W?",twhewayeh
523,begglestonei@ow.ly,sW7+2aqD{Rm>Qv)},rbennoughei
524,csavillej@vistaprint.com,"gG6,Q""+'!V",cbereclothej
525,jbartoszewskiek@moonfruit.com,jS6}c(MdCy#>ovq,mbokenek
526,tparradyeel@bigcartel.com,cT6%*PjAzP@,daldissel
527,abatieem@hubpages.com,bG2@u_}T,cdomleoem
528,cstanieren@google.de,iM5&cd*ij,hlaugheraneen
529,rsteptoweo@phoca.cz,"rM5%.3fy""""",tmclardieeo
530,lhuyhtonep@china.com.cn,"bH0""lH)GVk/F0",hswanneep
531,easpinelleq@hc360.com,rR4(HcX3,mpetruseq
532,rhanrattyer@dell.com,dH0|Kv_>+,kshephearder
533,bdunckleyes@mlb.com,aV1/TUeU@W6<,bwheildones
534,mstanmeret@economist.com,kJ7`BE0|p\(TA3As,gperrynet
535,ralexanderssoneu@simplemachines.org,wL4\1akhzL6cYE7,hderooseu
536,bbenningtonev@foxnews.com,"bW9%r>""?tia+oC",mhavocev
537,hresunew@google.fr,dG4<gTiIj`kRFP|,ewarbrickew
538,dgehrickeex@youtu.be,uO1{#!3e+TCWf_,ymacdonellex
539,bloydey@posterous.com,xX4(l|GOO0fr,aackermaney
540,btibaltez@newyorker.com,lU3%Bt&X&y&6,tbauchopez
541,bklammanf0@nih.gov,"dA8\,/A`SK4~hTV",fsoref0
542,lreamesf1@dell.com,cY2.Ps~mj&q{,eancketillf1
543,sbillof2@npr.org,wU7>+&_.Rr2,bcoalesf2
544,rjaegarf3@auda.org.au,iV2$=5z7GsD3,agreenigf3
545,ppowellf4@patch.com,"hQ2,)A$fk",trangeleyf4
546,qoldacresf5@163.com,kA3%mBiXyl}bjyv,mlesleyf5
547,hvarrowf6@shop-pro.jp,qT3>der/w|Y,ebaseleyf6
548,esambiedgef7@icq.com,bO0}Iy}V,fschoolcroftf7
549,aomaileyf8@paypal.com,"uS9\""I~{gXkNofB",skeesmanf8
550,mberthomieuf9@taobao.com,vG7+/Es59t,vdaintreef9
551,bcuberleyfa@twitter.com,"pH6""N7Q'",agorussofa
552,alakinfb@europa.eu,rO0=wpriYJZG$xf,amilvarniefb
553,holorenshawfc@gravatar.com,gE3{2+Ku}y*>,bbarthelmefc
554,aburminghamfd@craigslist.org,xV3(Bw+|ka*L,egentryfd
555,khaddlestonfe@imgur.com,xJ5.@gsy3O,dstockfordfe
556,ecaughtryff@opensource.org,xV7|`UNL$>,erehorekff
557,gschofieldfg@t-online.de,rO9$SSw%m0x>,zsyalvesterfg
558,rfassonfh@senate.gov,lK0%%%.gl`X,zsymefh
559,bbolusfi@apache.org,iK7|z1dnaA_1xCRL,idoughartyfi
560,tbennallckfj@apple.com,rJ9'#p&54U+3,ahearsefj
561,eciciurafk@freewebs.com,oU9%X(*spY.,emoritfk
562,cshellyfl@ow.ly,jS1@xycmV1n?Voa,mshutlefl
563,ngoodrickfm@huffingtonpost.com,"pB9*RpdU{@Z,~",bhukinfm
564,vbritcherfn@smugmug.com,"bM7""x5=VfM1",mhallyburtonfn
565,swalwoodfo@themeforest.net,vH2+HW@/E<To9FT,sjansensfo
566,rreemefp@163.com,"wI8`d|QteUi5l,n.",sperkinsfp
567,bcobonfq@mapy.cz,iQ3>_+Idw2l0,bduckworthfq
568,jdufallfr@globo.com,fD4#bIvH,sploverfr
569,kbettisonfs@usatoday.com,nE0>XVN=ovY&bW(1,nswaitefs
570,mdellentyft@chronoengine.com,hS2'Lmeakz#(sW7,estowersft
571,creeveleyfu@europa.eu,jO8!O`wq@R,fkolakowskifu
572,asnowsillfv@yandex.ru,fA4<r/W**.J,candriuzzifv
573,sruitfw@ca.gov,wM6_m60UTC(T1xi,dgaitungfw
574,mburrelfx@mysql.com,gI0!*JIc!$)9r,jskerrettfx
575,jelgeefy@photobucket.com,pR3?c0Q7,adannielfy
576,amonteauxfz@quantcast.com,lM0_<tfpA|O,ybamseyfz
577,hdeversg0@histats.com,hZ8@Z699vD$9,relcombg0
578,kfullagerg1@hc360.com,uR1\GR5H?QYEl~J,hesteg1
579,lduetschensg2@chron.com,gU0$QQ3AhC&ngy,dsommersg2
580,agoodwellg3@goo.ne.jp,"mH0?ZH,_",avandenoordg3
581,lsealeg4@weebly.com,wU8~29{)CFO,gweathersg4
582,mtomasinig5@purevolume.com,"eE1*""8f_dA",fmatyukong5
583,lclapsong6@imdb.com,eJ1(oxqhKpnBf|/,ulawdeng6
584,abrownseyg7@nps.gov,qH3_I7\?G,channong7
585,dcoultassg8@sina.com.cn,"kJ0,@I=iu'",jgodilingtong8
586,cfeeneyg9@sun.com,"bH9{H&GO,8/",bpomfreyg9
587,phadyega@unesco.org,bZ5\o*#n+&XdCRW,cbignalga
588,bauchterlonygb@freewebs.com,iR2.IFP0<<T/,rjosephsongb
589,kroygc@uiuc.edu,"oU9<$JxjWi'_,s",mblavergc
590,cbilbeegd@bloglines.com,"pB2#K,!7+S",dcausongd
591,mnylesge@icio.us,wU0=A4R@$`y,rliddlege
592,zfearickgf@istockphoto.com,hK8$~Wt@uXFq%,ntideygf
593,cfrichleygg@stanford.edu,"vV4,F=*um~o4~",jfowleygg
594,tklimovgh@businessinsider.com,"oB9""Py04Lhy",lwaingh
595,mkildahlgi@cafepress.com,fE8)Fc5{,ifaransgi
596,bbalderygj@marriott.com,dD0=s/2Zw9M7LR,csissensgj
597,cvasilchikovgk@kickstarter.com,lF3|GYynCP=IX#sk,pkeoghanegk
598,jmcinnesgl@jiathis.com,kX2'UT`Q<U'}?n*>,gbearegl
599,bbearsmoregm@uiuc.edu,jB5@F*r{QSu+Qpa',jglewegm
600,mgillebertgn@studiopress.com,"yF6\,!IR@)6@s",kmacnairgn
601,gbonnergo@csmonitor.com,jP1=A{Ym53,kwipflergo
602,cgorrissengp@hp.com,nZ1<g$C5+%~,ckenninghangp
603,tmagillgq@quantcast.com,aA9#Y~vzKV6`hP&,lpatullogq
604,ccrumbygr@home.pl,pO3?~sNpk,mbredburygr
605,mkobierrags@oaic.gov.au,kS9}/FG1C,jbrollygs
606,martharggt@reuters.com,uG4'<R<y,kdominguesgt
607,rkolyagingu@hhs.gov,iH4=5Y`+,bgreenrodgu
608,ikarpgv@biblegateway.com,nS9<vTD156$Pl`jr,mgiabuzzigv
609,agorglgw@imgur.com,hL5\m\zjUEVvb,wtryegw
610,dcaldeirogx@statcounter.com,cH4*hwQUY@(7Q/,nberzengx
611,acuttlesgy@shutterfly.com,kB9{i+Lv2~kM4x.,cgallegy
612,rsteetgz@t-online.de,xX6}|&u=,kgrosegz
613,njaycoxh0@symantec.com,aN9}banm@.k8K,gdunckleyh0
614,dgoaterh1@ftc.gov,gD6!lZE`,hcasserlyh1
615,fhapperth2@vinaora.com,"yW9<cZ,hB",tarmatidgeh2
616,dgriffittsh3@geocities.jp,zE8~=ASRsP&WiX),ablazewiczh3
617,gdemangelh4@baidu.com,iT2#bfZJ,hhoylandh4
618,tmeadh5@fema.gov,hZ6>`NS@IQ,vjacquesth5
619,mnaileh6@friendfeed.com,"xN2""3JGb`1{",scosgryh6
620,jlissandrih7@cbsnews.com,rT9\!wJNDo3=cd|,dcahnh7
621,hwoodburnh8@biglobe.ne.jp,qV4'fV|_W6y,dsendleyh8
622,nmorrotth9@arizona.edu,"tB0,=IW/iaX""I#yV",wmcdoualh9
623,mslateha@weather.com,sM3<T='7J9o/Gi,ddurganha
624,fantoshinhb@java.com,wR8&`P/{{h=zVzg,rvandersonhb
625,cjexhc@psu.edu,nK2#pFrsor,cmollindiniahc
626,kkitchingmanhd@cocolog-nifty.com,bW0|&rv%$A,ngiacovettihd
627,rdagnanhe@nyu.edu,zU3)D(z|&1cfh.Ub,cbremnerhe
628,isekullahf@simplemachines.org,"uW4,`'XYs*RQ",gszapirohf
629,sdightonhg@nyu.edu,"jT0*Z19AP,Uv",stutsellhg
630,mbormanhh@loc.gov,zJ7<6zA8Gif,amuirdenhh
631,wthompsonhi@google.es,bL6!sdm<KLw7v0kH,ltowseyhi
632,ekirmondhj@ebay.co.uk,hM5.?_KghFky.,scastellahj
633,bmerrikinhk@nyu.edu,fJ4`n4qa9!51k{,qbraunshk
634,psealshl@nytimes.com,zJ8/Z0zg,efurssehl
635,eleghornhm@mashable.com,cB8#Et)'&`9o5f.J,djerremshm
636,pfaltinhn@acquirethisname.com,"vZ6`,I=<iL'u`D",nsimeonehn
637,jbeecraftho@friendfeed.com,"kI6,<Kla6/",mfairnieho
638,raberharthp@twitter.com,bM7{qFqd(,knisethp
639,rtailbyhq@themeforest.net,qU8>C|s{i$9}7*,gponsfordhq
640,mgalbrethhr@pagesperso-orange.fr,"gH0&LMyml,b)",asoftleyhr
641,plammertshs@eepurl.com,wP0+Px.vu|&x,kmowsdillhs
642,rleviht@newyorker.com,"nL0""1~6C",lkyberdht
643,edaniellihu@techcrunch.com,vO7}qMyAmmSb,rvernihu
644,mtudgehv@cnbc.com,uH6~/j=}nAkCSa,ogreenehv
645,edowsehw@ucoz.com,uH1|3nn7|lr,amackiewiczhw
646,lveldstrahx@usnews.com,xJ5#?Uj49FgYU,kpallenthx
647,fhawkehy@discovery.com,jH7'%BUTp2JF,dsinneyhy
648,noliveirahz@wiley.com,"gP3)/""R8%sPNQ}",dsparkehz
649,fsanbrooki0@acquirethisname.com,"sC2.eQ{rp&TTT9,}",fleitchei0
650,mocleryi1@amazonaws.com,tQ4>Y6/=!Ng9_w,briddingtoni1
651,atuffeyi2@wp.com,eX6#O_$q,tclimari2
652,mrosenqvisti3@yolasite.com,yJ8.'zJSM,nscurryi3
653,rsageri4@buzzfeed.com,lL8`EhyiYH+QcW39,nleysi4
654,cbellwoodi5@npr.org,hE3{%z3iK&gLn>y5,msnufflebottomi5
655,sblarei6@altervista.org,uV9)/9VuKWG++q0L,taidleri6
656,ajordani7@economist.com,"fU6,ME~%",sfardyi7
657,bcockcrofti8@t.co,tE5_t.tN,acasieri8
658,tharnori9@chicagotribune.com,xZ3?HMaq,kduigani9
659,cgladdenia@wikispaces.com,aH8)$zJQ,dflukesia
660,dcordovaib@oaic.gov.au,yF5.1+84AFAg,tmcronaldib
661,acorshamic@earthlink.net,cH4}A@jP),ageneseic
662,lcesaricid@seattletimes.com,wA9)NYNB*Don,ifidelusid
663,gbotcherbyie@yelp.com,hU9?5%I`_,wpapenie
664,rcasarinoif@apple.com,qY0>@63\`n,kgerlackif
665,plearmonthig@arizona.edu,"xN4""X2UxgH*=KySx",cbrosiusig
666,shinrichsih@devhub.com,aP2%#c|hSocJVNMZ,hchampeih
667,bbutterfieldii@clickbank.net,xA9|jTdY&M,mdevennyii
668,aheynenij@blog.com,qY6+Q#5c!$},gcolmerij
669,kferieik@weebly.com,cT8{8KpRL,nlichtfothik
670,ddavioil@123-reg.co.uk,xM9`uCay@?zGBI,blountil
671,rmanueauim@yandex.ru,cA3/&)QueL_,jebyim
672,tpohlkein@flickr.com,dO8>.bEYt,cseagoin
673,nkeydenio@blogspot.com,bI1&s\0VD'_bLa,rrydzynskiio
674,sragglesip@about.me,eM6`gTJTTC=()R~,hbutlerbowdonip
675,fbraddoniq@domainmarket.com,lO2<q\~|At,bhodjettsiq
676,cfromentir@list-manage.com,qY0%rBZ=@H,tmanionir
677,hgabbattis@reference.com,hG0.gxez>MS\U*t,vluntis
678,kgawthorpit@51.la,yY2~@pxwj4A,tparvinit
679,mpiesingiu@squidoo.com,"xN1)@_2W""%",cfairneyiu
680,smountlowiv@simplemachines.org,kG6+E54xcX|Y,cpagettiv
681,lfurtadoiw@wp.com,"hC0""Bl7{)",tcoyettiw
682,wpetrolliix@wordpress.org,"uZ5&,IYV8J\5eUt<",gkinghix
683,gmenichiniiy@dmoz.org,iI0}_i1k27I#u,ddunawayiy
684,aregusiz@alexa.com,"nJ8<mOoj,1#?B",akindoniz
685,ajentonj0@about.me,"xH4>""el+=ke7EN%N",orapinj0
686,mblewettj1@newyorker.com,sI7}BFCfykOg~/p,ofiddianj1
687,bmaccrackenj2@sina.com.cn,tR2!s}Cpt6\,acollibearj2
688,pmaturaj3@dell.com,gP9@BkjF1$,mdavenallj3
689,lrolinsonj4@google.ru,"kA6(O6a#DG>iKO""k",zgrouenj4
690,aelsiej5@earthlink.net,gG1{%k3Anl,msheehanj5
691,dmacalpinej6@networkadvertising.org,"cD6?Re1f,z",kmcindrewj6
692,ralennikovj7@wikia.com,bM1_?s1rinW(Iq,aallebonej7
693,escullinj8@nps.gov,"cA7+<4w_,&)up(y",kvaldej8
694,bakkerj9@shop-pro.jp,oD5|}x_fM9,llestrangej9
695,csebrensja@clickbank.net,"iH0(nou,",bsollonja
696,ipichejb@ycombinator.com,uZ2\+rs=9l_,abrolechanjb
697,gcutforthjc@yandex.ru,vP1{ghRc1w,dnewlandsjc
698,fdreinijd@unesco.org,xO3?ZcK)C2,lenricojd
699,ptileyje@discuz.net,bP2<5MF8k=K(,cshermoreje
700,ocannyjf@gmpg.org,"eH0/RlK,!#H{iYsD",dfriendjf
701,gwymanjg@latimes.com,oV8\<}266,kdiamentjg
702,edonojh@studiopress.com,"mK8""J=r3Mlc2",rklosjh
703,acuddeji@soup.io,iC6)R)sJ\,vjordanji
704,cmatthewjj@berkeley.edu,fP7&L%t?i,mlittlerjj
705,rbarnetjk@nationalgeographic.com,bA6|6ZJ0,slindelofjk
706,ssutcliffejl@washingtonpost.com,rW0.zNa&cOQ4`|7,lbuckeljl
707,rswepsonjm@hexun.com,vV7.(\3j|DF=!*$,lcrassjm
708,olambertsonjn@arstechnica.com,oU2<Qf{qs,kgalierojn
709,wsarahjo@apache.org,bK3.@d7eZ03\8Bk6,dpencotjo
710,iruosjp@lulu.com,qV2?)w?h(@,mnapolitanojp
711,gocurranejq@gmpg.org,"iO3=XoU7,4Bk&",dmaccorkelljq
712,achasmerjr@answers.com,iO2`diTLw,dhessentalerjr
713,makhurstjs@chicagotribune.com,fC3{x'(9%!pWF,hhrinishinjs
714,eduplockjt@comsenz.com,yC9\yj}e,mfransmanjt
715,bunworthju@foxnews.com,"wJ2<%_7""=mB""R}",baspreyju
716,bdeerejv@nba.com,yZ5(o#{Ny.X2D7Yu,wbedminsterjv
717,msilversmidtjw@mediafire.com,sA5`1`RZ,rashjw
718,smiddleditchjx@phoca.cz,cK0/OLn0D?DVo=,gtallantjx
719,bhannayjy@cisco.com,cA0_Hd@_F6?eSt,ecoathjy
720,hmcguffiejz@quantcast.com,iC6_%j+f_lH,knewlinjz
721,cpegramk0@ucla.edu,"uK2""1'bd\~",mboynek0
722,sspightk1@reuters.com,yT2%VW>/dL{.Iji{,amalcolmsonk1
723,dstartek2@qq.com,"vP8{q"".{6_C76E",psamsk2
724,sbarhimsk3@nifty.com,"tD8,)ab{qCaiQhq",aclemask3
725,smoverleyk4@photobucket.com,oP9}.{VLF6l$,sleutyk4
726,mhoodlassk5@wisc.edu,mT7/8?ZeQ&,lstanylandk5
727,meytonk6@linkedin.com,"aM9,q$/dqa8)x+LE",ebarnabyk6
728,klarchierek7@japanpost.jp,oQ3)sF~KDc,sfollik7
729,bpenchenk8@soup.io,sV0+KAtqu1O=,lpasticznykk8
730,ccapellk9@digg.com,jF9#_XwpbL1PyxY,nwrigleyk9
731,csecretka@walmart.com,bU3<oA=ev=W.AW!,dmosedaleka
732,dandrzejakkb@example.com,aS8&6Vqg>0I%\f$,lrutgerskb
733,bkennlerkc@google.com.br,gF3'6&s4,csquibekc
734,fgosneyekd@a8.net,"bA9,2SH#a.q<N",bmcginnykd
735,jpietrowskike@wiley.com,fQ2%c>ntY,sshorttke
736,dkolodziejskikf@msu.edu,rM9)bnPqHKkP5|q,moriginkf
737,druddinkg@trellian.com,fX2_'JZuJ~9zk<,mtappingkg
738,bduckelskh@ning.com,"yA8={,ha&(",jcarekkh
739,jhellinki@constantcontact.com,gE0)QK2`_,iridgleyki
740,ceptonkj@sourceforge.net,eN5|zBK3,khavardkj
741,eanstykk@army.mil,wY1=m=}xSO/jl_,vgaskinkk
742,gballantynekl@sciencedaily.com,hN3(FA$G4B78D?1C,mstruankl
743,rhonniebalkm@si.edu,vQ7+LFi#(,nkarlolakkm
744,taskinkn@typepad.com,vE3\1$1eh,lgiraultkn
745,dpepyeko@biblegateway.com,sW9~m1qqoV`8=,mbrientko
746,bkemberykp@answers.com,rY0%CeVnXG@,lbaldenkp
747,lpynekq@hatena.ne.jp,lV6~)Y$/12izq,helmskq
748,sollekr@dion.ne.jp,fD6*VkxX,ggillicuddykr
749,jjindrakks@nih.gov,mM7.`?su>gKV&',hnyssenks
750,bmissendenkt@quantcast.com,kJ9=DAaUu!Za0,ksummonskt
751,gspeakku@google.ru,"iQ7{dL""o.",acoppockku
752,nmoloneykv@virginia.edu,eH0*\=o9)+T3tR,acrambiekv
753,fanchorkw@patch.com,"jW3{r}y0Rx,",hstollkw
754,wjennerykx@economist.com,aK5.HwQP5%,cingersonkx
755,hwhitwoodky@fastcompany.com,kY9(@=`NC,kbellowsky
756,kmoseleykz@cafepress.com,wF6>SEQ/l,phickeringillkz
757,mjelfsl0@aol.com,bR3&A|yUr,mferrettinol0
758,mpiell1@vkontakte.ru,rA3?DED*wWl,ofreeburnl1
759,eklicherl2@cdc.gov,lN8/v@p*,ylacroutzl2
760,ngolsbyl3@webmd.com,hT6|.tBT/{cfB.,rperrottl3
761,jbolgarl4@csmonitor.com,uU7<5/(7~1O,jcosfordl4
762,bvigneronl5@virginia.edu,"rF1*>,_TN+retGH",gnenol5
763,criddlerl6@discuz.net,aW3(FC=(,mgritsunovl6
764,jseifl7@simplemachines.org,"cB2?w(}T8Xt|7c,w",bsmidmoorl7
765,awhodcoatl8@craigslist.org,bH9?&RBO,kgoldneyl8
766,mchattertonl9@cisco.com,cZ8?_JVZ3FR?}(6k,nmilloml9
767,dbembriggla@wikimedia.org,mM9+>9rw,mgjerdela
768,aherrerolb@skype.com,"sE3($q=N&k""g=",rhickinbottomlb
769,rgyerlc@businessweek.com,iI0<7bWa>|<#a>V,hshearwoodlc
770,kdummettld@cpanel.net,dJ6?u@$w~oH8,lcovetld
771,squarryle@wufoo.com,bU8'wDB5{(v$?r,blongshawle
772,atyremanlf@symantec.com,qC7{z_Og,ncodylf
773,cchritchleylg@squidoo.com,jM2~j#GY)r37,vsumshonlg
774,gmassardlh@barnesandnoble.com,sB5~C'KHVu,dkhosalh
775,ewiskerli@gov.uk,sC5<Rm(Me?8,sfloydeli
776,kspikinslj@addthis.com,uN1`$~!RV,mzylbermannlj
777,llipsonlk@odnoklassniki.ru,nN7&F5)<=(D,jyeolk
778,priggell@economist.com,wW8&T~xV!+L,ajenickell
779,avasselm@yellowpages.com,vH0+f4dVm,kbraddocklm
780,eutridgeln@free.fr,dW8!?fB=l5,adanielliln
781,sgrazierlo@bluehost.com,vU9=y$OJNZ,jpocknolllo
782,gralphslp@tripod.com,bQ2@jES#h9kd,credmondlp
783,cnieselq@cloudflare.com,"zQ2,*ATd{jBB1a",dcrapperlq
784,nmauserlr@wiley.com,xH1=BrU>Y{(0a,gmcmeartylr
785,bdonaghyls@rediff.com,"yJ8??(%<Y,Qy2",hwadiels
786,qiglesiaslt@github.io,kY4}72FH.=/_,eriddichlt
787,vdecristofalolu@photobucket.com,"sU9""q*VSvx.W7",sbuncombelu
788,tparsonsonlv@wikispaces.com,"oH4*i5p""}U",mnockallslv
789,zpesterfieldlw@google.fr,zP8%1%Z)~cGa,cghiraldilw
790,tmaceylx@1688.com,zX9(@}>wD,emattissonlx
791,cstolbergly@toplist.cz,yJ8#Vy=)=#.h2x3,dcottinghamly
792,fconlaundlz@howstuffworks.com,dZ9~VRmQx|,sduffilllz
793,aflynnm0@4shared.com,bH3)2#7|QMaY`v$,hhuxtablem0
794,kbourbonm1@t.co,"nD4&7SFf)b<j,f",dmackeeverm1
795,nthodym2@imdb.com,"oU0""cuRm",mgullbergm2
796,emccallm3@reference.com,"oL5""HDAS37c!6",cbreem3
797,bnearym4@weibo.com,sM7_#uOgkbSd`1,kdalmanm4
798,gbeynonm5@army.mil,xB2#mmC~iR,bwillmottm5
799,jcoutthartm6@wikipedia.org,uX4?\8`EEjz}hKKX,nsivellm6
800,aferrottim7@forbes.com,lE4?7K&skm>0a,apatershallm7
801,ddadamom8@uiuc.edu,"lQ7'5fA9Y""FDjTh!",jlusherm8
802,srotherhamm9@photobucket.com,dL9`H~<B}OOU6R,ksisselm9
803,mbournerma@de.vu,bI7|nl*rJfe/,mcrennanma
804,rkyteleymb@fema.gov,vM5@YWhh|J/dr?\=,wevennettmb
805,rdumbaremc@gravatar.com,rF1+<Dq7F!=ZZy/,tnugentmc
806,lkelletmd@vinaora.com,iL3?IpHh+h`t2,abeswetherickmd
807,mstowgillme@macromedia.com,mN2`HdxdZG\3i2,kgiacopellome
808,gleadesmf@yellowbook.com,lI8=ub6X<hVGyWqO,ajohannmf
809,dwondraschekmg@topsy.com,fR8?z_yI2,kclemensenmg
810,rdowningmh@tuttocitta.it,qX6&<hk=`5Ojs<,jmckeandmh
811,hruburymi@nature.com,"oN7!}qlquOAwWH,",jwittermi
812,thegartymj@youku.com,fG7+O5b%@#,ppedleymj
813,healesmk@netscape.com,"cX7&7,p(K""/\~3",ewynnmk
814,atarbattml@privacy.gov.au,cF2/F#4n#k(~2Et,lgillbeeml
815,bsulllymm@samsung.com,lZ4_}UqT,vnussenmm
816,ccardinalemn@constantcontact.com,"cG4""{o""@wjuaY1",tmariotmn
817,aduffetmo@google.it,uK7}J1hE9,scoppenmo
818,kkeavemp@slideshare.net,pT7'Rt9$,wmeldrummp
819,mpuddlemq@rakuten.co.jp,"qJ9""=t<fA",wsturmeymq
820,cperelmr@xrea.com,"qS2}}=Ak""zX/",mwashingtonmr
821,jdymondms@princeton.edu,"xV7\kjBm>""fI",ecrombleholmems
822,mgardmt@bloomberg.com,uU4+q5VNG5g,acastagniermt
823,szanellimu@paypal.com,"aW7,iI{llw$I}!",ihardenmu
824,omonahanmv@rediff.com,hJ4`sg_YQu/%{?),ldoyleymv
825,ycamiliomw@cdc.gov,oH7*fG1joDFO+PeQ,kknealmw
826,tverbeekmx@mashable.com,vW6&t$l.<oq>~\_,ktommasettimx
827,hlayzellmy@imageshack.us,cE1/=K`wdLykdg&,slauridsenmy
828,slougheadmz@ameblo.jp,dW6`l.SGYRg`=5ov,rshadboltmz
829,vjurickn0@arstechnica.com,"nJ0|9il/'*_X,3",ttomasinon0
830,hwickeyn1@gov.uk,rX5@@zd/&A,tcarisn1
831,jstivensn2@tmall.com,iN0)nw7C`Vn},greedien2
832,sverbeekn3@sohu.com,fU6=A+<Id_c,ncaddyn3
833,schillistonen4@live.com,yA6+pPgSTzKP`X,cfieldenn4
834,lstarsmoren5@youtube.com,dO0%cY%bg,vparsandn5
835,lvanderkruijsn6@infoseek.co.jp,sF9&M>Wln`X+,cwalasn6
836,ahuthartn7@linkedin.com,zL9*CX5wkHqaW,dcalendarn7
837,tbushen8@vimeo.com,cT1.8QWvA@,broonyn8
838,eselwynn9@sogou.com,"fZ6,ju4bjtWo\k",ajoulesn9
839,kmcchruiterna@exblog.jp,"pK7,N)j5H_",hmatfinna
840,sodeenb@yandex.ru,tE5+QhG8Gh,zovidnb
841,izarfatnc@tripadvisor.com,aK6*Mj*n_hRZ|b(},aironsnc
842,lstourtonnd@comcast.net,lC8&Hts@af9!g,fhessnd
843,astrongene@bbc.co.uk,nG4>_@hQ%Lf.fm6,chachardne
844,mobriennf@bluehost.com,"vU0,3,@F`.G",apickfordnf
845,nmorffewng@reference.com,cZ2/Ef@|M,lgrabbamng
846,rfarnillnh@delicious.com,"bO7""q+y\5ebW",rbraidennh
847,jsitlintonni@dropbox.com,kE6%lq|b8dF3A,mblakemoreni
848,mrizzolonj@usda.gov,mP0%Asy6#pql`,ldoughartynj
849,jvanhaeftennk@addthis.com,sZ5>J/5fnw9va,dmaccoughennk
850,rellulnl@constantcontact.com,"aD2*g1QJp2,@D",aclandillonnl
851,adelavaletteparisotnm@blogger.com,hI8~7Nct,tbeachampnm
852,cseabrightnn@patch.com,gR0'`c~&aJE,gdominicknn
853,golenaneno@disqus.com,sK4|pD_EfVuY{,yleithharveyno
854,esawdennp@loc.gov,"oV5,GK$uQ'Ez=rF&",lkhominnp
855,vbalsellienq@macromedia.com,aQ2<BDXRQks7y,btalksnq
856,arosenkrancnr@stanford.edu,yI3){BO_&/a,bgrotenr
857,ksimoneschins@nature.com,tK0)W~\ll?Po,mkitcatns
858,rmussottint@sphinn.com,kV7(8>Pn5YW3a,lmccloudnt
859,mgianettinu@cnbc.com,gH7/~%PaB,awhealnu
860,pwightnv@i2i.jp,mW5|pkRYL$)(p.,bwhybrownv
861,dlamballnw@engadget.com,tM1|kuMceFa.>$3,bmincinw
862,lhuychenx@google.nl,oC3`_MnK`1/}``',sdedmamnx
863,mberridgeny@comsenz.com,tY5~&4gLF`3,kmintonny
864,dlandornz@multiply.com,wE6.){gNAg,mquarrellnz
865,whitzschkeo0@hibu.com,fS3<|l!PVgnq,lohagirtieo0
866,sdelgadoo1@posterous.com,sT9~rEwW\E,iaskieo1
867,erenoufo2@noaa.gov,mC9+{_5CV#}7uMf#,lastlatto2
868,rrenado3@artisteer.com,dS9\sJzI|,elimericko3
869,edowsono4@washingtonpost.com,gE3!Qgm'_,mtameso4
870,jcapstacko5@yellowbook.com,aF8?=hQwnA,marnleyo5
871,moscandallo6@wordpress.com,uJ6%~|HsRcKo,adriussio6
872,hpondjoneso7@dion.ne.jp,iU8(X2f=q,aburelo7
873,dmacrinno8@unblog.fr,gD6'Wz@1+5CRT,ttomischo8
874,kwestbrooko9@odnoklassniki.ru,hP0}uaW>QK,wmacredmondo9
875,cchattenoa@cornell.edu,vP7?x4nghocl,tcowndenoa
876,lmillichipob@mayoclinic.com,"bN3""H.(G",bhodgesob
877,vsnoddenoc@indiegogo.com,"hU7,Vb%ws",bmusslewhiteoc
878,mfrenchod@webs.com,"fV0""C+(&UZ#9",ahaggithod
879,wserleoe@prlog.org,"oF2,Y&Ff)ouq*o_}",pbexonoe
880,mgreystockof@yellowpages.com,rO6@rUhqFVR,jtolossiof
881,rcoatesog@creativecommons.org,"uS7""yJn7pRfV",cdevereuog
882,nrickerdoh@wikia.com,iC2$IVJQwMy,npellingtonoh
883,mwestwoodoi@webmd.com,kT9\_D3UYOd2,iridgewayoi
884,pkeasleyoj@shutterfly.com,qV8|rjE|P~/,cbritziusoj
885,dsaxtonok@imdb.com,"vZ7\V,TV",fgreystokeok
886,dhumbellol@lulu.com,hO7=EUKU11,phodgeol
887,klantaffom@csmonitor.com,"iX8/t,jcQZ/Z",gfroschauerom
888,mschruyeron@ameblo.jp,"hW9,9MM{d=8L8",gducarneon
889,ejephcottoo@sun.com,yR5+2sL=s,kaersoo
890,ttyceop@java.com,fU4=%&n{VaLg5g`\,fjeffreysop
891,dfilipputtioq@phpbb.com,"vR4!jzk<&k$,F",pdibiaggioq
892,lsaveallor@tmall.com,oK3$XFsJ//'gC=u_,knichollor
893,lmuzzallos@merriam-webster.com,fV1?8<RK,cretallackos
894,icotaot@bloomberg.com,gM0&J8{b%F\\ZNl,aorroot
895,bcustyou@ameblo.jp,eZ1)EMl?on=5=,awyeou
896,ckembreyov@topsy.com,xS9@/i{+*,sfoulcherov
897,omillow@bloglovin.com,bX2_?~y/b*+S,docorrenow
898,mklimashevichox@yolasite.com,"rZ7,PW_zFR}R`.6",rotsonox
899,dmaffeooy@shutterfly.com,rX2/mlS>nD,bredingtonoy
900,fgunteroz@hubpages.com,"jQ5,*29r1\RP(H&l",rgossingtonoz
901,atitchardp0@eepurl.com,dU6/2uM'~3(>Q,rmeralip0
902,jlightp1@loc.gov,fI4(\ga9}05xgj(Q,mvasyukovp1
903,fanespiep2@merriam-webster.com,nI0`Ap#J7Gd6b0I,gmcentagartp2
904,npetrescup3@google.co.jp,bO1(9En_{p,cdifrancecship3
905,ndeeksp4@omniture.com,uA7{._SmK>s,agecksp4
906,ssquibbsp5@theglobeandmail.com,kV7.mx|xkLb8w7_,rspaduzzap5
907,ayanshonokp6@bbc.co.uk,aF2$b{ewZ6ndAFm,dklynp6
908,sdedomenicisp7@blogger.com,zD2@=vyGYf,fsafflep7
909,scasalep8@amazon.co.jp,"cN3_R*_d""EveI",ckeetsp8
910,lthrustlep9@theglobeandmail.com,bO6*?1%ml2_,oroylp9
911,edennickpa@answers.com,"dL9<nOzO""x",kmcilmoriepa
912,fcoverlynpb@walmart.com,wP9}8rQ|,parchanbaultpb
913,bthomelinpc@ftc.gov,gV7.)80@(S,chorickpc
914,velcoatepd@bloglines.com,wS8?n`~SFHgfouh,rgobatpd
915,nswabeype@mayoclinic.com,dD3?4gVV5_idqK),hbenneyworthpe
916,slavignepf@springer.com,"hD9<""yRIc!g?",rraltonpf
917,nbeestonpg@bing.com,"dJ7""H60tN0""1",govershottpg
918,cjatczakph@cyberchimps.com,rA3@Oa5a,fcarnegyph
919,mmathetpi@seesaa.net,lD2>/p~{,elivingstonepi
920,jgreydonpj@prweb.com,qT2`U.7<`i`L,jbarriballpj
921,kmenerepk@ehow.com,uJ8*Y1%k,nwoollinpk
922,twrassellpl@twitter.com,pJ1&'_bwyLTad,fbattrumpl
923,hgallypm@oracle.com,rJ7<d0hLCNgxf,bmatejpm
924,ksodapn@issuu.com,"pG5>_P6""(H",etitcombepn
925,hodgerpo@skype.com,aN2|/x(2_p`sZ)Nw,gmeechpo
926,hbluemanpp@edublogs.org,"iU6,jlM1",ltuckpp
927,tmcivorpq@gizmodo.com,yP9<ZgYR9,wbarneypq
928,ncreffieldpr@comcast.net,oJ5)ye+vLd,rkrysztowczykpr
929,wdowerps@cam.ac.uk,nW0=<eiy,sknobleps
930,jdenkinpt@unicef.org,mM6=Th<@v6Z!~$,tbursnellpt
931,barmsbypu@digg.com,uW8?J6zG\j,cbinnespu
932,gfayermanpv@nsw.gov.au,kI8+gLftd39?R!d,dvendittopv
933,mruggepw@jugem.jp,rX1?Y'Lf,tbeachampw
934,tpancoastpx@independent.co.uk,"gB5|""S5iiPpdk@f",hpoultonpx
935,dbritnellpy@infoseek.co.jp,"dC6""zMWuQp%@_iFs",sscaddingpy
936,zprocterpz@storify.com,uX2(Tn!CmO`',terringtonpz
937,rfeeq0@fastcompany.com,fT6%CR*!,hbreakeyq0
938,sroffeq1@patch.com,dE6*6&kMNw%WGuzN,laddicottq1
939,ncurmq2@archive.org,pE4|j<je$,ejosefovicq2
940,cfonteyneq3@yahoo.co.jp,rF1\IuH~Mn7x=|>,ephilbinq3
941,ehurcheq4@deviantart.com,"nN0*iPI""M%2=Z2pB",cmaxwellq4
942,gcoggellq5@twitter.com,vJ6(`1yB.,jraweq5
943,dbethellq6@youtu.be,"oU0=,z+Oscb)hjD",klarensonq6
944,etalmanq7@google.ru,qD8'5ulG,abodocsq7
945,rlongdonq8@wunderground.com,eP4=M?Od,ftuttleq8
946,dcastiblancoq9@friendfeed.com,iF8+&GG`R,tfullegarq9
947,efigiovanniqa@wufoo.com,lR7'@iC}`!o5jyI,arizzardoqa
948,mennorqb@omniture.com,zH0~oMNL!F(,lhulseqb
949,yskoughmanqc@php.net,uX6.)*c68u%Wj,rbotterellqc
950,rtaggqd@marriott.com,"lQ8,}S7BR,OEL$",mwhitesideqd
951,stolemanqe@webs.com,"mG2""b<6v)""$",hparkmanqe
952,vflorioqf@pinterest.com,"sY6'iy8>Gh,8\_",tpavelkaqf
953,kprangleyqg@hugedomains.com,kQ8$CcD6|i\M4WI,nmccreadieqg
954,jmackerelqh@acquirethisname.com,"mQ6,ufm,",jprucknerqh
955,sbassillqi@google.nl,cB0@J}Y<6d}@7U3d,bandrewarthaqi
956,vdackombeqj@cam.ac.uk,bM7_cYlGx,kattrieqj
957,pdellcasaqk@newyorker.com,vW8#+3&xW9Yc,bfloresqk
958,szukermanql@php.net,"hQ8""/|)P",hpesikql
959,ehallstoneqm@nifty.com,qU3<>\t?,wbaldackqm
960,ehamblynqn@utexas.edu,kC6'eB#Y@@,moutridgeqn
961,dmursellqo@bbc.co.uk,jX3|ET}dVycI,bmcbeithqo
962,alathburyqp@tamu.edu,uT6?S\rf*,ctreadgallqp
963,mschoberqq@lulu.com,hC2'Rt#!#X@4,vjeenesqq
964,bwyreqr@booking.com,"gV4,*?e7F/YHs.#{",jsteketeeqr
965,kmccrystalqs@wikia.com,xU8&r}uk$TS4|>+,tmellemqs
966,kpetrolliqt@php.net,"kT9,+SiMRT",dbrowettqt
967,rsowterqu@altervista.org,rH1++7&._tlJg,pcuvleyqu
968,chindmoreqv@army.mil,mR1!zsGTGo8y,mkelwickqv
969,areymersqw@shinystat.com,"hV0/h%o,(vtiT$KM",rmarrableqw
970,hcossemqx@auda.org.au,sC9|}U/Ilq4,dsarchwellqx
971,clinnyqy@domainmarket.com,tF5#>UIZf9o7,ddinseyqy
972,pbastieqz@msn.com,"wD0)},W&#9*G@",jmahometqz
973,emourguer0@netlog.com,dO6@*j8h4&CY'0,nmuxworthyr0
974,molderr1@newsvine.com,fK4'j/h%I_,jtitmanr1
975,abensleyr2@privacy.gov.au,pY0)uaZ#J,lmattschasr2
976,emcadamr3@oaic.gov.au,tT0+H1`zY?h,ckaler3
977,dsansonr4@pcworld.com,xI3%b?8etG`_w4M~,lpaulotr4
978,lodriscollr5@squidoo.com,kN7*&|sTThQ?D,mtreweker5
979,dhectorr6@si.edu,pT0@d%#u,bbraundtr6
980,ppikhnor7@angelfire.com,"hQ1,y4zH",ebennetr7
981,csawnwyr8@japanpost.jp,xL6+WoUXYXpF,lgriegerr8
982,parthyr9@unesco.org,"vF2,gH\$LlSQO`$.",eannabler9
983,lswafferra@geocities.jp,aC5@Ilh?@BI{b},byouteadra
984,csidonrb@parallels.com,"sO5""(ks5MjY",pchatainierrb
985,chathwayrc@csmonitor.com,cW6*x5Cg1'=0,sbirdsallrc
986,lfarnrd@free.fr,wT6!=Y|wH5/UUFr`,rglaisterrd
987,sdaffeyre@state.tx.us,lM3`8gbeK|=%*lxc,ishermanre
988,lsimenetrf@newsvine.com,sZ0*SaG/q(t!AxMP,molivierrf
989,dschottrg@instagram.com,"tR6|HFPK,?06S$U",lnoakesrg
990,lbatkinrh@cloudflare.com,"zI5$?0@rF8(EpW""",adimsdalerh
991,kbeentjesri@ebay.com,cD4@_t$&u,jrushbrookri
992,meliesrj@hhs.gov,wS6'SA}{hxA<e~,trodwellrj
993,tsouthernrk@tinypic.com,"vS2/6Kx`6oM8""",ahenfrerk
994,kgasonrl@imdb.com,tF5#|LD|Ei,tbinneyrl
995,pgonnellyrm@live.com,uR8<G*k*7fdZNmx,dbernadotrm
996,isatfordrn@cnbc.com,fF5\7(*a2$.U<%x,hjaskowiczrn
997,jhunnicotro@cyberchimps.com,"cG1#f9,~0",gtiffanyro
998,vhuetsonrp@ebay.co.uk,"kM4,5rRx*mW#su#",everlingrp
999,bdodimeadrq@accuweather.com,"aJ6""gBagUv%1s(",cspowagerq
1000,cgascoignerr@oaic.gov.au,iB7`.U&NM\8C,ahillattrr
